DayOfYear,Declination_deg,NoonAltitude_deg,Sunrise_h,SolarNoon_h,Sunset_h,DayLength_h
1,-23.0586,26.2286,7.3295,11.9821,16.6348,9.3053
2,-22.9793,26.3079,7.3313,11.9896,16.6479,9.3166
3,-22.8924,26.3948,7.3324,11.9970,16.6615,9.3291
4,-22.7979,26.4893,7.3330,12.0043,16.6755,9.3425
5,-22.6959,26.5913,7.3330,12.0115,16.6900,9.3570
6,-22.5864,26.7008,7.3323,12.0186,16.7049,9.3726
7,-22.4694,26.8178,7.3311,12.0256,16.7202,9.3891
8,-22.3450,26.9422,7.3292,12.0325,16.7359,9.4067
9,-22.2133,27.0739,7.3267,12.0394,16.7520,9.4252
10,-22.0743,27.2129,7.3237,12.0460,16.7684,9.4448
11,-21.9282,27.3590,7.3200,12.0526,16.7852,9.4652
12,-21.7748,27.5124,7.3157,12.0591,16.8024,9.4867
13,-21.6144,27.6728,7.3109,12.0654,16.8199,9.5090
14,-21.4470,27.8402,7.3054,12.0715,16.8376,9.5322
15,-21.2727,28.0145,7.2994,12.0776,16.8557,9.5563
16,-21.0915,28.1957,7.2928,12.0834,16.8741,9.5813
17,-20.9036,28.3836,7.2856,12.0891,16.8927,9.6071
18,-20.7090,28.5782,7.2778,12.0947,16.9116,9.6337
19,-20.5078,28.7794,7.2695,12.1001,16.9307,9.6612
20,-20.3001,28.9871,7.2606,12.1053,16.9500,9.6894
21,-20.0859,29.2013,7.2512,12.1103,16.9695,9.7184
22,-19.8655,29.4217,7.2412,12.1152,16.9892,9.7481
23,-19.6388,29.6484,7.2306,12.1199,17.0091,9.7785
24,-19.4060,29.8812,7.2196,12.1244,17.0292,9.8096
25,-19.1672,30.1200,7.2079,12.1287,17.0494,9.8415
26,-18.9224,30.3648,7.1958,12.1328,17.0698,9.8739
27,-18.6718,30.6154,7.1832,12.1367,17.0902,9.9070
28,-18.4155,30.8717,7.1700,12.1404,17.1108,9.9408
29,-18.1536,31.1336,7.1564,12.1439,17.1315,9.9751
30,-17.8862,31.4010,7.1423,12.1472,17.1522,10.0100
31,-17.6134,31.6738,7.1276,12.1503,17.1730,10.0454
32,-17.3353,31.9519,7.1125,12.1532,17.1939,10.0814
33,-17.0521,32.2351,7.0970,12.1559,17.2149,10.1179
34,-16.7638,32.5234,7.0809,12.1584,17.2358,10.1549
35,-16.4706,32.8166,7.0645,12.1606,17.2568,10.1924
36,-16.1725,33.1147,7.0475,12.1627,17.2778,10.2303
37,-15.8697,33.4175,7.0302,12.1645,17.2988,10.2687
38,-15.5623,33.7249,7.0124,12.1661,17.3198,10.3075
39,-15.2505,34.0367,6.9942,12.1675,17.3408,10.3467
40,-14.9343,34.3529,6.9756,12.1687,17.3618,10.3863
41,-14.6139,34.6733,6.9565,12.1696,17.3828,10.4262
42,-14.2893,34.9979,6.9371,12.1704,17.4037,10.4666
43,-13.9608,35.3264,6.9173,12.1709,17.4245,10.5072
44,-13.6284,35.6588,6.8971,12.1712,17.4453,10.5482
45,-13.2922,35.9950,6.8766,12.1713,17.4661,10.5895
46,-12.9523,36.3349,6.8557,12.1712,17.4868,10.6311
47,-12.6090,36.6782,6.8344,12.1709,17.5074,10.6730
48,-12.2622,37.0250,6.8129,12.1704,17.5279,10.7151
49,-11.9122,37.3750,6.7909,12.1697,17.5484,10.7575
50,-11.5590,37.7282,6.7687,12.1687,17.5688,10.8001
51,-11.2028,38.0844,6.7461,12.1676,17.5891,10.8429
52,-10.8437,38.4435,6.7233,12.1663,17.6093,10.8860
53,-10.4817,38.8055,6.7001,12.1647,17.6294,10.9293
54,-10.1171,39.1701,6.6766,12.1630,17.6494,10.9727
55,-9.7498,39.5374,6.6529,12.1611,17.6693,11.0164
56,-9.3802,39.9070,6.6289,12.1590,17.6891,11.0602
57,-9.0082,40.2790,6.6046,12.1567,17.7088,11.1041
58,-8.6340,40.6532,6.5801,12.1542,17.7283,11.1482
59,-8.2577,41.0295,6.5553,12.1516,17.7478,11.1925
60,-7.8794,41.4078,6.5303,12.1488,17.7672,11.2369
61,-7.4992,41.7880,6.5051,12.1458,17.7865,11.2814
62,-7.1172,42.1700,6.4797,12.1427,17.8056,11.3260
63,-6.7336,42.5536,6.4540,12.1394,17.8247,11.3707
64,-6.3485,42.9387,6.4282,12.1359,17.8437,11.4155
65,-5.9620,43.3252,6.4022,12.1323,17.8625,11.4603
66,-5.5741,43.7131,6.3760,12.1286,17.8813,11.5053
67,-5.1850,44.1022,6.3496,12.1247,17.8999,11.5503
68,-4.7949,44.4923,6.3230,12.1207,17.9184,11.5954
69,-4.4037,44.8835,6.2963,12.1166,17.9369,11.6406
70,-4.0117,45.2755,6.2695,12.1124,17.9552,11.6858
71,-3.6189,45.6683,6.2425,12.1080,17.9735,11.7310
72,-3.2254,46.0618,6.2154,12.1035,17.9917,11.7763
73,-2.8313,46.4559,6.1882,12.0990,18.0098,11.8216
74,-2.4368,46.8504,6.1609,12.0943,18.0278,11.8669
75,-2.0420,47.2452,6.1335,12.0896,18.0457,11.9122
76,-1.6469,47.6403,6.1059,12.0847,18.0635,11.9576
77,-1.2516,48.0356,6.0784,12.0798,18.0813,12.0029
78,-0.8563,48.4309,6.0507,12.0748,18.0990,12.0483
79,-0.4610,48.8262,6.0230,12.0698,18.1166,12.0936
80,-0.0659,49.2213,5.9952,12.0647,18.1342,12.1390
81,0.3289,49.6161,5.9674,12.0596,18.1517,12.1843
82,0.7234,50.0106,5.9396,12.0544,18.1691,12.2296
83,1.1175,50.4047,5.9117,12.0491,18.1865,12.2748
84,1.5110,50.7982,5.8838,12.0439,18.2039,12.3201
85,1.9039,51.1911,5.8559,12.0386,18.2212,12.3653
86,2.2960,51.5832,5.8281,12.0333,18.2385,12.4104
87,2.6873,51.9745,5.8002,12.0280,18.2557,12.4555
88,3.0777,52.3649,5.7724,12.0226,18.2729,12.5006
89,3.4671,52.7543,5.7446,12.0173,18.2901,12.5455
90,3.8553,53.1425,5.7168,12.0120,18.3072,12.5905
91,4.2423,53.5295,5.6891,12.0067,18.3244,12.6353
92,4.6280,53.9152,5.6614,12.0015,18.3415,12.6801
93,5.0123,54.2995,5.6338,11.9962,18.3586,12.7247
94,5.3951,54.6823,5.6063,11.9910,18.3757,12.7693
95,5.7763,55.0635,5.5789,11.9858,18.3928,12.8138
96,6.1559,55.4431,5.5516,11.9807,18.4098,12.8582
97,6.5336,55.8208,5.5244,11.9757,18.4269,12.9025
98,6.9095,56.1967,5.4973,11.9707,18.4440,12.9467
99,7.2834,56.5706,5.4704,11.9657,18.4611,12.9907
100,7.6553,56.9425,5.4435,11.9608,18.4781,13.0346
101,8.0251,57.3123,5.4169,11.9560,18.4952,13.0784
102,8.3926,57.6798,5.3903,11.9513,18.5123,13.1220
103,8.7578,58.0450,5.3640,11.9467,18.5295,13.1655
104,9.1205,58.4077,5.3378,11.9422,18.5466,13.2088
105,9.4808,58.7680,5.3118,11.9377,18.5637,13.2520
106,9.8384,59.1256,5.2859,11.9334,18.5809,13.2950
107,10.1934,59.4806,5.2603,11.9292,18.5981,13.3378
108,10.5456,59.8328,5.2349,11.9251,18.6152,13.3804
109,10.8949,60.1821,5.2097,11.9211,18.6324,13.4227
110,11.2412,60.5284,5.1847,11.9172,18.6497,13.4649
111,11.5845,60.8717,5.1600,11.9134,18.6669,13.5069
112,11.9246,61.2118,5.1355,11.9098,18.6841,13.5486
113,12.2615,61.5487,5.1113,11.9063,18.7014,13.5901
114,12.5951,61.8823,5.0873,11.9030,18.7187,13.6314
115,12.9252,62.2124,5.0636,11.8998,18.7359,13.6723
116,13.2519,62.5391,5.0402,11.8967,18.7532,13.7130
117,13.5749,62.8621,5.0171,11.8938,18.7705,13.7534
118,13.8943,63.1815,4.9942,11.8910,18.7878,13.7936
119,14.2098,63.4970,4.9717,11.8884,18.8051,13.8334
120,14.5216,63.8088,4.9495,11.8859,18.8223,13.8728
121,14.8293,64.1165,4.9276,11.8836,18.8396,13.9120
122,15.1330,64.4202,4.9061,11.8814,18.8568,13.9508
123,15.4326,64.7198,4.8848,11.8794,18.8740,13.9892
124,15.7280,65.0152,4.8640,11.8776,18.8912,14.0272
125,16.0190,65.3062,4.8435,11.8759,18.9084,14.0649
126,16.3056,65.5928,4.8233,11.8744,18.9255,14.1021
127,16.5878,65.8750,4.8036,11.8731,18.9426,14.1390
128,16.8654,66.1526,4.7842,11.8719,18.9596,14.1754
129,17.1384,66.4256,4.7652,11.8709,18.9765,14.2113
130,17.4066,66.6938,4.7466,11.8700,18.9934,14.2468
131,17.6700,66.9572,4.7285,11.8694,19.0102,14.2818
132,17.9284,67.2156,4.7107,11.8688,19.0270,14.3162
133,18.1819,67.4691,4.6934,11.8685,19.0436,14.3502
134,18.4303,67.7175,4.6765,11.8683,19.0601,14.3837
135,18.6736,67.9608,4.6600,11.8683,19.0765,14.4165
136,18.9117,68.1989,4.6440,11.8684,19.0928,14.4489
137,19.1444,68.4316,4.6284,11.8687,19.1090,14.4806
138,19.3718,68.6590,4.6133,11.8692,19.1250,14.5117
139,19.5936,68.8808,4.5987,11.8698,19.1409,14.5422
140,19.8100,69.0972,4.5845,11.8706,19.1566,14.5721
141,20.0208,69.3080,4.5708,11.8715,19.1721,14.6013
142,20.2258,69.5130,4.5576,11.8726,19.1875,14.6299
143,20.4251,69.7123,4.5449,11.8738,19.2026,14.6577
144,20.6186,69.9058,4.5327,11.8751,19.2176,14.6849
145,20.8062,70.0934,4.5210,11.8767,19.2323,14.7113
146,20.9879,70.2751,4.5098,11.8783,19.2468,14.7370
147,21.1635,70.4507,4.4991,11.8801,19.2611,14.7619
148,21.3331,70.6203,4.4890,11.8820,19.2751,14.7861
149,21.4965,70.7837,4.4793,11.8841,19.2888,14.8094
150,21.6537,70.9409,4.4702,11.8862,19.3022,14.8320
151,21.8046,71.0918,4.4617,11.8885,19.3154,14.8537
152,21.9492,71.2364,4.4536,11.8909,19.3282,14.8746
153,22.0875,71.3747,4.4461,11.8935,19.3408,14.8946
154,22.2194,71.5066,4.4392,11.8961,19.3530,14.9138
155,22.3448,71.6320,4.4328,11.8988,19.3648,14.9320
156,22.4636,71.7508,4.4269,11.9017,19.3764,14.9494
157,22.5760,71.8632,4.4216,11.9046,19.3875,14.9659
158,22.6817,71.9689,4.4169,11.9076,19.3983,14.9814
159,22.7808,72.0680,4.4127,11.9107,19.4087,14.9960
160,22.8732,72.1604,4.4091,11.9138,19.4186,15.0096
161,22.9589,72.2461,4.4060,11.9171,19.4282,15.0223
162,23.0379,72.3251,4.4034,11.9204,19.4374,15.0339
163,23.1101,72.3973,4.4014,11.9238,19.4461,15.0447
164,23.1756,72.4628,4.4000,11.9272,19.4544,15.0544
165,23.2342,72.5214,4.3991,11.9307,19.4622,15.0631
166,23.2859,72.5731,4.3988,11.9342,19.4696,15.0708
167,23.3308,72.6180,4.3990,11.9377,19.4765,15.0775
168,23.3689,72.6561,4.3997,11.9413,19.4829,15.0832
169,23.4000,72.6872,4.4010,11.9449,19.4889,15.0878
170,23.4243,72.7115,4.4028,11.9486,19.4943,15.0915
171,23.4416,72.7288,4.4052,11.9522,19.4992,15.0941
172,23.4520,72.7392,4.4081,11.9559,19.5037,15.0956
173,23.4556,72.7428,4.4114,11.9595,19.5076,15.0962
174,23.4522,72.7394,4.4154,11.9632,19.5110,15.0956
175,23.4419,72.7291,4.4198,11.9668,19.5139,15.0941
176,23.4247,72.7119,4.4247,11.9704,19.5162,15.0915
177,23.4006,72.6878,4.4301,11.9740,19.5180,15.0879
178,23.3696,72.6568,4.4359,11.9776,19.5192,15.0833
179,23.3318,72.6190,4.4423,11.9811,19.5199,15.0776
180,23.2871,72.5743,4.4491,11.9846,19.5201,15.0710
181,23.2355,72.5227,4.4564,11.9881,19.5197,15.0633
182,23.1772,72.4644,4.4641,11.9914,19.5188,15.0546
183,23.1121,72.3993,4.4723,11.9948,19.5172,15.0449
184,23.0402,72.3274,4.4809,11.9980,19.5152,15.0343
185,22.9616,72.2488,4.4899,12.0012,19.5125,15.0226
186,22.8763,72.1635,4.4993,12.0043,19.5094,15.0100
187,22.7843,72.0715,4.5091,12.0074,19.5056,14.9965
188,22.6857,71.9729,4.5193,12.0103,19.5013,14.9820
189,22.5805,71.8677,4.5299,12.0132,19.4964,14.9665
190,22.4688,71.7560,4.5408,12.0159,19.4910,14.9502
191,22.3506,71.6378,4.5521,12.0186,19.4850,14.9329
192,22.2260,71.5132,4.5637,12.0211,19.4785,14.9147
193,22.0949,71.3821,4.5757,12.0235,19.4714,14.8957
194,21.9575,71.2447,4.5879,12.0258,19.4637,14.8758
195,21.8138,71.1010,4.6005,12.0280,19.4555,14.8550
196,21.6639,70.9511,4.6134,12.0301,19.4468,14.8335
197,21.5078,70.7950,4.6265,12.0320,19.4375,14.8111
198,21.3456,70.6328,4.6399,12.0338,19.4277,14.7879
199,21.1773,70.4645,4.6535,12.0355,19.4174,14.7639
200,21.0030,70.2902,4.6674,12.0370,19.4065,14.7392
201,20.8228,70.1100,4.6815,12.0383,19.3952,14.7137
202,20.6367,69.9239,4.6958,12.0395,19.3833,14.6874
203,20.4448,69.7320,4.7103,12.0406,19.3708,14.6605
204,20.2472,69.5344,4.7251,12.0415,19.3579,14.6329
205,20.0440,69.3312,4.7399,12.0422,19.3445,14.6046
206,19.8351,69.1223,4.7550,12.0428,19.3306,14.5756
207,19.6208,68.9080,4.7702,12.0432,19.3162,14.5460
208,19.4010,68.6882,4.7856,12.0435,19.3013,14.5157
209,19.1759,68.4631,4.8011,12.0435,19.2860,14.4849
210,18.9455,68.2327,4.8167,12.0434,19.2702,14.4535
211,18.7099,67.9971,4.8325,12.0432,19.2539,14.4215
212,18.4691,67.7563,4.8483,12.0427,19.2372,14.3889
213,18.2234,67.5106,4.8642,12.0421,19.2200,14.3558
214,17.9727,67.2599,4.8802,12.0413,19.2024,14.3222
215,17.7171,67.0043,4.8963,12.0404,19.1844,14.2880
216,17.4567,66.7439,4.9125,12.0392,19.1659,14.2534
217,17.1916,66.4788,4.9287,12.0379,19.1471,14.2183
218,16.9218,66.2090,4.9450,12.0364,19.1278,14.1828
219,16.6476,65.9348,4.9613,12.0347,19.1081,14.1468
220,16.3689,65.6561,4.9777,12.0328,19.0880,14.1104
221,16.0858,65.3730,4.9940,12.0308,19.0676,14.0736
222,15.7984,65.0856,5.0104,12.0286,19.0468,14.0363
223,15.5069,64.7941,5.0268,12.0262,19.0256,13.9987
224,15.2112,64.4984,5.0433,12.0237,19.0040,13.9608
225,14.9116,64.1988,5.0597,12.0209,18.9822,13.9225
226,14.6080,63.8952,5.0761,12.0180,18.9599,13.8838
227,14.3005,63.5877,5.0925,12.0150,18.9374,13.8448
228,13.9893,63.2765,5.1090,12.0117,18.9145,13.8055
229,13.6744,62.9616,5.1254,12.0083,18.8913,13.7659
230,13.3560,62.6432,5.1417,12.0048,18.8678,13.7260
231,13.0341,62.3213,5.1581,12.0010,18.8440,13.6859
232,12.7087,61.9959,5.1744,11.9972,18.8199,13.6454
233,12.3801,61.6673,5.1908,11.9931,18.7955,13.6048
234,12.0482,61.3354,5.2071,11.9890,18.7709,13.5638
235,11.7132,61.0004,5.2233,11.9846,18.7460,13.5227
236,11.3751,60.6623,5.2395,11.9802,18.7208,13.4813
237,11.0340,60.3212,5.2557,11.9756,18.6954,13.4397
238,10.6901,59.9773,5.2719,11.9709,18.6698,13.3979
239,10.3434,59.6306,5.2881,11.9660,18.6439,13.3559
240,9.9941,59.2813,5.3042,11.9610,18.6179,13.3137
241,9.6420,58.9292,5.3202,11.9559,18.5916,13.2713
242,9.2875,58.5747,5.3363,11.9507,18.5651,13.2288
243,8.9306,58.2178,5.3523,11.9454,18.5384,13.1861
244,8.5712,57.8584,5.3683,11.9400,18.5116,13.1433
245,8.2097,57.4969,5.3843,11.9344,18.4846,13.1003
246,7.8459,57.1331,5.4002,11.9288,18.4574,13.0572
247,7.4801,56.7673,5.4161,11.9231,18.4300,13.0139
248,7.1122,56.3994,5.4320,11.9173,18.4026,12.9705
249,6.7425,56.0297,5.4479,11.9114,18.3750,12.9270
250,6.3709,55.6581,5.4638,11.9055,18.3472,12.8834
251,5.9976,55.2848,5.4797,11.8995,18.3194,12.8397
252,5.6226,54.9098,5.4955,11.8935,18.2914,12.7959
253,5.2461,54.5333,5.5114,11.8874,18.2633,12.7520
254,4.8681,54.1553,5.5272,11.8812,18.2352,12.7080
255,4.4887,53.7759,5.5431,11.8750,18.2070,12.6639
256,4.1080,53.3952,5.5589,11.8688,18.1787,12.6197
257,3.7261,53.0133,5.5748,11.8625,18.1503,12.5755
258,3.3430,52.6302,5.5907,11.8563,18.1219,12.5312
259,2.9590,52.2462,5.6066,11.8500,18.0934,12.4869
260,2.5739,51.8611,5.6225,11.8437,18.0650,12.4424
261,2.1880,51.4752,5.6385,11.8375,18.0365,12.3980
262,1.8014,51.0886,5.6545,11.8312,18.0079,12.3535
263,1.4140,50.7012,5.6705,11.8249,17.9794,12.3089
264,1.0261,50.3133,5.6866,11.8187,17.9509,12.2643
265,0.6376,49.9248,5.7027,11.8125,17.9224,12.2197
266,0.2488,49.5360,5.7188,11.8064,17.8939,12.1751
267,-0.1404,49.1468,5.7350,11.8003,17.8655,12.1304
268,-0.5298,48.7574,5.7513,11.7942,17.8371,12.0857
269,-0.9193,48.3679,5.7677,11.7882,17.8087,12.0411
270,-1.3089,47.9783,5.7841,11.7822,17.7804,11.9964
271,-1.6984,47.5888,5.8005,11.7764,17.7522,11.9517
272,-2.0878,47.1994,5.8171,11.7706,17.7241,11.9070
273,-2.4769,46.8103,5.8337,11.7649,17.6960,11.8623
274,-2.8657,46.4215,5.8504,11.7592,17.6681,11.8176
275,-3.2541,46.0331,5.8672,11.7537,17.6402,11.7730
276,-3.6419,45.6453,5.8841,11.7483,17.6125,11.7283
277,-4.0291,45.2581,5.9011,11.7430,17.5849,11.6837
278,-4.4156,44.8716,5.9182,11.7378,17.5574,11.6392
279,-4.8012,44.4860,5.9354,11.7328,17.5301,11.5947
280,-5.1859,44.1013,5.9527,11.7278,17.5029,11.5502
281,-5.5696,43.7176,5.9701,11.7230,17.4759,11.5058
282,-5.9522,43.3350,5.9876,11.7184,17.4491,11.4615
283,-6.3335,42.9537,6.0052,11.7138,17.4224,11.4172
284,-6.7134,42.5738,6.0230,11.7095,17.3960,11.3730
285,-7.0920,42.1952,6.0408,11.7053,17.3697,11.3289
286,-7.4689,41.8183,6.0588,11.7012,17.3437,11.2849
287,-7.8442,41.4430,6.0769,11.6973,17.3178,11.2410
288,-8.2177,41.0695,6.0950,11.6936,17.2922,11.1972
289,-8.5894,40.6978,6.1134,11.6901,17.2668,11.1535
290,-8.9591,40.3281,6.1318,11.6868,17.2417,11.1099
291,-9.3266,39.9606,6.1503,11.6836,17.2168,11.0665
292,-9.6920,39.5952,6.1690,11.6806,17.1922,11.0232
293,-10.0551,39.2321,6.1878,11.6778,17.1679,10.9801
294,-10.4157,38.8715,6.2067,11.6753,17.1438,10.9372
295,-10.7737,38.5135,6.2257,11.6729,17.1201,10.8944
296,-11.1292,38.1580,6.2448,11.6707,17.0966,10.8518
297,-11.4818,37.8054,6.2640,11.6687,17.0734,10.8094
298,-11.8316,37.4556,6.2834,11.6670,17.0506,10.7672
299,-12.1783,37.1089,6.3028,11.6654,17.0281,10.7253
300,-12.5219,36.7653,6.3223,11.6641,17.0059,10.6835
301,-12.8623,36.4249,6.3419,11.6630,16.9840,10.6421
302,-13.1994,36.0878,6.3617,11.6621,16.9625,10.6009
303,-13.5330,35.7542,6.3815,11.6614,16.9414,10.5599
304,-13.8630,35.4242,6.4013,11.6610,16.9206,10.5193
305,-14.1892,35.0980,6.4213,11.6607,16.9002,10.4790
306,-14.5117,34.7755,6.4413,11.6608,16.8802,10.4389
307,-14.8303,34.4569,6.4613,11.6610,16.8606,10.3993
308,-15.1447,34.1425,6.4815,11.6614,16.8414,10.3599
309,-15.4550,33.8322,6.5016,11.6621,16.8226,10.3210
310,-15.7611,33.5261,6.5218,11.6630,16.8042,10.2824
311,-16.0627,33.2245,6.5420,11.6642,16.7863,10.2442
312,-16.3598,32.9274,6.5623,11.6655,16.7688,10.2065
313,-16.6522,32.6350,6.5825,11.6671,16.7517,10.1692
314,-16.9399,32.3473,6.6028,11.6689,16.7351,10.1323
315,-17.2227,32.0645,6.6230,11.6710,16.7189,10.0959
316,-17.5006,31.7866,6.6432,11.6732,16.7033,10.0600
317,-17.7733,31.5139,6.6634,11.6757,16.6881,10.0246
318,-18.0409,31.2463,6.6835,11.6784,16.6733,9.9898
319,-18.3031,30.9841,6.7036,11.6814,16.6591,9.9555
320,-18.5599,30.7273,6.7236,11.6845,16.6454,9.9218
321,-18.8112,30.4760,6.7435,11.6879,16.6322,9.8886
322,-19.0569,30.2303,6.7634,11.6914,16.6195,9.8561
323,-19.2967,29.9905,6.7831,11.6952,16.6073,9.8242
324,-19.5308,29.7564,6.8027,11.6992,16.5957,9.7930
325,-19.7589,29.5283,6.8221,11.7033,16.5845,9.7624
326,-19.9809,29.3063,6.8414,11.7077,16.5740,9.7325
327,-20.1968,29.0904,6.8606,11.7123,16.5640,9.7034
328,-20.4064,28.8808,6.8796,11.7170,16.5545,9.6750
329,-20.6097,28.6775,6.8983,11.7220,16.5456,9.6473
330,-20.8065,28.4807,6.9169,11.7271,16.5373,9.6204
331,-20.9968,28.2904,6.9352,11.7324,16.5295,9.5943
332,-21.1806,28.1066,6.9534,11.7379,16.5224,9.5690
333,-21.3576,27.9296,6.9712,11.7435,16.5158,9.5446
334,-21.5278,27.7594,6.9888,11.7493,16.5098,9.5210
335,-21.6911,27.5961,7.0061,11.7553,16.5044,9.4983
336,-21.8475,27.4397,7.0231,11.7614,16.4996,9.4765
337,-21.9969,27.2903,7.0398,11.7676,16.4954,9.4556
338,-22.1393,27.1479,7.0562,11.7740,16.4918,9.4357
339,-22.2744,27.0128,7.0722,11.7805,16.4888,9.4167
340,-22.4023,26.8849,7.0878,11.7872,16.4865,9.3986
341,-22.5230,26.7642,7.1031,11.7939,16.4847,9.3816
342,-22.6363,26.6509,7.1181,11.8008,16.4835,9.3655
343,-22.7422,26.5450,7.1326,11.8078,16.4830,9.3505
344,-22.8406,26.4466,7.1467,11.8149,16.4831,9.3364
345,-22.9316,26.3556,7.1603,11.8221,16.4838,9.3235
346,-23.0150,26.2722,7.1736,11.8293,16.4851,9.3116
347,-23.0908,26.1964,7.1863,11.8367,16.4870,9.3007
348,-23.1589,26.1283,7.1986,11.8441,16.4896,9.2909
349,-23.2194,26.0678,7.2105,11.8516,16.4927,9.2822
350,-23.2722,26.0150,7.2218,11.8592,16.4965,9.2747
351,-23.3173,25.9699,7.2327,11.8668,16.5008,9.2682
352,-23.3546,25.9326,7.2430,11.8744,16.5058,9.2628
353,-23.3842,25.9030,7.2528,11.8821,16.5114,9.2585
354,-23.4059,25.8813,7.2621,11.8898,16.5175,9.2554
355,-23.4199,25.8673,7.2709,11.8976,16.5243,9.2534
356,-23.4260,25.8612,7.2791,11.9053,16.5316,9.2525
357,-23.4244,25.8628,7.2867,11.9131,16.5394,9.2527
358,-23.4149,25.8723,7.2938,11.9208,16.5479,9.2541
359,-23.3976,25.8896,7.3003,11.9286,16.5569,9.2566
360,-23.3725,25.9147,7.3062,11.9364,16.5665,9.2602
361,-23.3396,25.9476,7.3116,11.9441,16.5766,9.2650
362,-23.2989,25.9883,7.3164,11.9518,16.5872,9.2708
363,-23.2504,26.0368,7.3205,11.9594,16.5983,9.2778
364,-23.1942,26.0930,7.3241,11.9671,16.6100,9.2859
365,-23.1303,26.1569,7.3271,11.9746,16.6221,9.2950
